EmpID,EmpName,Designation,Gender,DateOfJoining
7369,sMiTh,CLERK,Female,28-01-2022
7499,ALLEN,SALESMAN,Male,15-03-2021
7521,ward,SALESMN,Male,18-01-2021
7566,JONES,MANEGER,Male,03-10-2021
7654,mArTiN,salesman,Male,28-06-2019
7698,BLAKE,MANGER,Male,11-02-2023
7782,clark,ANLYST,Female,29-08-2022
7788,SCOTT,ANALYST,Male,09-07-2022
7839,king,PRESIDNT,Male,01-09-2022
7844,TURNER,SALESMAN,Female,08-01-2024
7876,Adams,clerck,Male,05-09-2018
7900,JAMES,CLRK,Male,14-04-2020
7902,FORD,ANLYST,Male,08-06-2024
7934,MILLER,MANAGER,Male,25-12-2023
7369,sMiTh,CLERK,Male,03-10-2024
7499,ALLEN,SALESMAN,Male,19-04-2024
7521,ward,SALESMN,Female,17-02-2018
7566,JONES,MANEGER,Male,27-03-2018
7654,mArTiN,salesman,Female,19-01-2023
7698,BLAKE,MANGER,Male,06-11-2018
7782,clark,ANLYST,Male,07-11-2018
7788,SCOTT,ANALYST,Male,19-05-2024
7839,king,PRESIDNT,Female,01-11-2023
7844,TURNER,SALESMAN,Female,05-03-2023
7876,Adams,clerck,Male,24-09-2019
7900,JAMES,CLRK,Male,03-08-2021
7902,FORD,ANLYST,Male,21-06-2024
7934,MILLER,MANAGER,Male,15-12-2021
7369,sMiTh,CLERK,Male,12-07-2023
7499,ALLEN,SALESMAN,Female,29-10-2022
7521,ward,SALESMN,Male,12-03-2019
7566,JONES,MANEGER,Male,06-01-2022
7654,mArTiN,salesman,Male,18-09-2023
7698,BLAKE,MANGER,Female,18-12-2021
7782,clark,ANLYST,Male,25-05-2020
7788,SCOTT,ANALYST,Female,19-03-2020
7839,king,PRESIDNT,Female,10-01-2019
7844,TURNER,SALESMAN,Female,08-12-2021
7876,Adams,clerck,Female,18-07-2021
7900,JAMES,CLRK,Female,18-09-2022
7902,FORD,ANLYST,Female,28-11-2022
7934,MILLER,MANAGER,Female,29-12-2023
7369,sMiTh,CLERK,Male,27-04-2018
7499,ALLEN,SALESMAN,Male,17-07-2019
7521,ward,SALESMN,Male,28-08-2024
7566,JONES,MANEGER,Female,25-03-2020
7654,mArTiN,salesman,Female,07-04-2019
7698,BLAKE,MANGER,Male,24-04-2024
7782,clark,ANLYST,Female,27-05-2020
7788,SCOTT,ANALYST,Male,15-01-2019
